/*
SQLyog Ultimate v12.09 (64 bit)
MySQL - 5.7.21-0ubuntu0.16.04.1 : Database - yidao
*********************************************************************
*/

/*!40101 SET NAMES utf8 */;

/*!40101 SET SQL_MODE=''*/;

/*!40014 SET @OLD_UNIQUE_CHECKS=@@UNIQUE_CHECKS, UNIQUE_CHECKS=0 */;
/*!40014 SET @OLD_FOREIGN_KEY_CHECKS=@@FOREIGN_KEY_CHECKS, FOREIGN_KEY_CHECKS=0 */;
/*!40101 SET @OLD_SQL_MODE=@@SQL_MODE, SQL_MODE='NO_AUTO_VALUE_ON_ZERO' */;
/*!40111 SET @OLD_SQL_NOTES=@@SQL_NOTES, SQL_NOTES=0 */;
CREATE DATABASE /*!32312 IF NOT EXISTS*/`yidao` /*!40100 DEFAULT CHARACTER SET utf8mb4 */;

USE `yidao`;

/*Table structure for table `j_admin` */

DROP TABLE IF EXISTS `j_admin`;

CREATE TABLE `j_admin` (
  `id` int(11) NOT NULL AUTO_INCREMENT,
  `realname` varchar(30) DEFAULT NULL,
  `username` varchar(30) DEFAULT NULL,
  `password` varchar(32) DEFAULT NULL,
  `create_time` int(11) DEFAULT NULL,
  `last_login_time` int(11) DEFAULT NULL,
  PRIMARY KEY (`id`)
) ENGINE=InnoDB AUTO_INCREMENT=2 DEFAULT CHARSET=utf8mb4;

/*Data for the table `j_admin` */

insert  into `j_admin`(`id`,`realname`,`username`,`password`,`create_time`,`last_login_time`) values (1,'姜海蕤','jianghairui','e10adc3949ba59abbe56e057f20f883e',NULL,NULL);

/*Table structure for table `j_article` */

DROP TABLE IF EXISTS `j_article`;

CREATE TABLE `j_article` (
  `id` int(11) NOT NULL AUTO_INCREMENT,
  `cate_id` int(11) DEFAULT NULL COMMENT '资讯分类',
  `title` varchar(50) DEFAULT NULL COMMENT '文章标题',
  `desc` varchar(255) DEFAULT NULL COMMENT '简介',
  `cover` varchar(255) DEFAULT NULL COMMENT '封面(3张)',
  `aid` int(11) DEFAULT NULL COMMENT '作者ID',
  `content` text COMMENT '内容',
  `pv` int(11) DEFAULT '0' COMMENT '阅读量',
  `create_time` int(11) DEFAULT NULL,
  `update_time` int(11) DEFAULT NULL,
  `is_recommend` tinyint(4) DEFAULT '0' COMMENT '是否推荐0不推荐1推荐',
  `sort` int(11) DEFAULT '0' COMMENT '排序',
  PRIMARY KEY (`id`)
) ENGINE=InnoDB AUTO_INCREMENT=13 DEFAULT CHARSET=utf8mb4;

/*Data for the table `j_article` */

insert  into `j_article`(`id`,`cate_id`,`title`,`desc`,`cover`,`aid`,`content`,`pv`,`create_time`,`update_time`,`is_recommend`,`sort`) values (1,1,'电影《花宵道中》简介','日本小说家宫木あや子创作的小说','a:3:{i:0;s:48:\"Public/Uploads/2018-09-28/153813473238044700.png\";i:1;s:48:\"Public/Uploads/2018-09-28/153813473238047800.png\";i:2;s:48:\"Public/Uploads/2018-09-28/153813473238049300.png\";}',1,'&lt;p style=&quot;line-height: 2em;&quot;&gt;&lt;span style=&quot;font-size: 16px;&quot;&gt;&amp;nbsp;&amp;nbsp;&amp;nbsp;&amp;nbsp;&amp;nbsp;&amp;nbsp;&amp;nbsp;&amp;nbsp;江户末期，吉原(吉原:是在江户时代,幕府官方承认的妓院区）&lt;/span&gt;&lt;/p&gt;&lt;p style=&quot;line-height: 2em;&quot;&gt;&lt;span style=&quot;font-size: 16px;&quot;&gt;&amp;nbsp;&amp;nbsp;&amp;nbsp;&amp;nbsp;&amp;nbsp;&amp;nbsp;&amp;nbsp;&amp;nbsp;朝雾（安达佑实）在七岁时母亲病逝，游荡在外被雾里（高冈早纪）发现了她的奇异之处，将她捡了回来，并寄留自己工作的山田屋，将她培养成游女（游女：游廊里供客人选择的妓女）。在此之前，受母亲的虐待身上留下许多樱花似的烫伤，也为此被雾里挖掘，从那以后，朝雾只要身体发热，肌肤上就会显现出红色的斑点，因此人们评价她–「身体绽放花朵的游女」，这也让她成为了山田屋第一的人气游女。&lt;/span&gt;&lt;/p&gt;&lt;p style=&quot;line-height: 2em;&quot;&gt;&lt;span style=&quot;font-size: 16px;&quot;&gt;&amp;nbsp;&amp;nbsp;&amp;nbsp;&amp;nbsp;&amp;nbsp;&amp;nbsp;&amp;nbsp;&amp;nbsp;朝雾的雇佣年限到期的一年后，正值天保8年（1837年)，图谋和情夫私奔的妓女在游廊放火，吉原完全烧毁。妓女们移住到吉原外面的一般居住区，这短暂的时光让她们感受到这渺小的自由。&lt;/span&gt;&lt;/p&gt;&lt;p style=&quot;line-height: 2em;&quot;&gt;&lt;span style=&quot;font-size: 16px;&quot;&gt;&amp;nbsp;&amp;nbsp;&amp;nbsp;&amp;nbsp;&amp;nbsp;&amp;nbsp;&amp;nbsp;&amp;nbsp;一天，朝雾在小妹八津（小篠惠奈）的盛情邀请下，去了八幡样的缘日（缘日：是与佛有缘的日子，是供养神佛的祭奠）。被人群挤倒，木屐的带子断掉的朝雾，被一位从京城前来，名叫半次郎（渊上泰史）的织染匠人青年所救。头发蓬乱的半次郎帮她找到那另外一只丢掉的木屐，朝雾对他一见倾心。作为头牌恋爱是被严令禁止的。察觉到朝雾变化的山田屋老板娘（友近），好像看透了一般，训斥朝雾「打开双腿接客的人不工作就该连饭也没得吃」。&lt;/span&gt;&lt;/p&gt;&lt;p style=&quot;line-height: 2em;&quot;&gt;&lt;span style=&quot;font-size: 16px;&quot;&gt;&amp;nbsp;&amp;nbsp;&amp;nbsp;&amp;nbsp;&amp;nbsp;&amp;nbsp;&amp;nbsp;&amp;nbsp;数天后，做服饰布匹的吉田屋（津田宽治）在山田屋举办了一场宴会。被叫到陪酒席的朝雾，没想到却在那里与半次郎相遇了……钟意朝雾身体的吉田屋，察觉到朝雾与半次郎之间神色异常，在两人的关系中间硬生生插了一竹杠。那便是，撮合半次郎和自己的远房亲戚，以及给朝雾赎身。如此分割，残酷的物语。&lt;/span&gt;&lt;/p&gt;&lt;p&gt;&lt;br/&gt;&lt;/p&gt;&lt;p&gt;&lt;br/&gt;&lt;/p&gt;',53,1537605905,1538134732,1,0),(2,2,'怪物猎人世界','CAPCOM 2018新作','a:3:{i:0;s:48:\"Public/Uploads/2018-09-22/153760613752523100.jpg\";i:1;s:48:\"Public/Uploads/2018-09-22/153760613752528100.jpg\";i:2;s:48:\"Public/Uploads/2018-09-22/153760613752529700.jpg\";}',1,'&lt;p&gt;&lt;br/&gt;&lt;/p&gt;&lt;p style=&quot;text-align: center;&quot;&gt;&lt;img src=&quot;/Public/ueditor/php/upload/image/20180922/1537606067883488.jpg&quot; title=&quot;1537606067883488.jpg&quot; alt=&quot;5a0ab4e957588.jpg&quot; width=&quot;947&quot; height=&quot;562&quot;/&gt;&lt;/p&gt;&lt;p style=&quot;line-height: 2em;&quot;&gt;&lt;span style=&quot;font-size: 16px;&quot;&gt;&amp;nbsp;&amp;nbsp;&amp;nbsp;&amp;nbsp;&amp;nbsp;&amp;nbsp;&amp;nbsp;&amp;nbsp;《怪物猎人：世界》是由CAPCOM制作发行的一款动作冒险游戏，在全球范围内都享有盛赞，本代怪物猎人发生了诸多进化，玩法与画面都有非常巨大的进步，游戏最多支持16人联机社区，4人联机狩猎。在游戏中玩家将扮演一位猎人，需要探索一片新发现的神秘土地，关于这片土地人们知之甚少，所以将这片大陆称为“新世界”。猎人们必须利用他们的聪明才智和个人能力才能在激烈、变化多端的战斗中存活下来，并且最终成为终极猎人。&lt;/span&gt;&lt;/p&gt;',2,1537606137,1537706772,1,1),(3,1,'头条显示地发挥第三年费都是能够头条显示地发挥第三年费都是能够头条显示地发挥第三年费都是能够头条显示地','啦啦啦啦','a:3:{i:0;s:48:\"Public/Uploads/2018-09-23/153768415851666300.jpg\";i:1;s:48:\"Public/Uploads/2018-09-23/153768483707827800.jpg\";i:2;s:48:\"Public/Uploads/2018-09-23/153768483707832000.jpg\";}',1,'&lt;p style=&quot;text-align:center&quot;&gt;&lt;img src=&quot;/Public/ueditor/php/upload/image/20180922/1537606530452614.jpg&quot; title=&quot;1537606530452614.jpg&quot; alt=&quot;u=1072201586,3620453762&amp;amp;fm=27&amp;amp;gp=0.jpg&quot;/&gt;&lt;/p&gt;&lt;p style=&quot;text-align:center&quot;&gt;&lt;img src=&quot;/Public/ueditor/php/upload/image/20180922/1537606067883488.jpg&quot; alt=&quot;1537606067883488.jpg&quot; width=&quot;768&quot; height=&quot;432&quot; title=&quot;1537606067883488.jpg&quot;/&gt;&lt;/p&gt;&lt;p&gt;&lt;br/&gt;&lt;/p&gt;',29,1537606727,1537686761,1,1),(5,1,'学习视频截图','学习视频截图','a:2:{i:0;s:48:\"Public/Uploads/2018-09-23/153768692466069700.JPG\";i:1;s:48:\"Public/Uploads/2018-09-23/153768692466073800.JPG\";}',1,'&lt;p&gt;第一张&lt;/p&gt;&lt;p&gt;&lt;img src=&quot;/Public/ueditor/php/upload/image/20180923/1537686841409140.jpg&quot; title=&quot;1537686841409140.jpg&quot; alt=&quot;1-1 App项目功能介绍_20180828132756.JPG&quot; width=&quot;803&quot; height=&quot;478&quot;/&gt;&lt;br/&gt;&lt;/p&gt;&lt;p&gt;第二张&lt;/p&gt;&lt;p&gt;&lt;img src=&quot;/Public/ueditor/php/upload/image/20180923/1537686887711748.jpg&quot; title=&quot;1537686887711748.jpg&quot; alt=&quot;2-1 项目环境搭建及postman等工具介绍_20180828165925.JPG&quot; width=&quot;648&quot; height=&quot;418&quot;/&gt;&lt;/p&gt;',26,1537686904,1537686924,1,2),(6,1,'浅谈DIV+CSS网页制作心得','浅谈DIV+CSS网页制作心得','a:3:{i:0;s:48:\"Public/Uploads/2018-09-28/153813490009935500.png\";i:1;s:48:\"Public/Uploads/2018-09-28/153813490009944400.png\";i:2;s:48:\"Public/Uploads/2018-09-28/153813490009945800.png\";}',1,'&lt;p style=&quot;line-height: 2em;&quot;&gt;&lt;span style=&quot;font-size: 16px;&quot;&gt;DIV+CSS是目前互联网网页制作最热门的方法，但对于完全手写代码，许多网页设计师都望而止步。&lt;/span&gt;&lt;/p&gt;&lt;p style=&quot;line-height: 2em;&quot;&gt;&lt;span style=&quot;font-size: 16px;&quot;&gt;　　其实DIV+CSS是很简单的一种布局方式，甚至比任何一种编程语言都要简单(虽然它不能算是编程语言)。&lt;/span&gt;&lt;/p&gt;&lt;p style=&quot;line-height: 2em;&quot;&gt;&lt;span style=&quot;font-size: 16px;&quot;&gt;　　首先你要知道，当你开始学习DIV+CSS的时候，你要把以前所有用DW画布局表格的思维方法忘的一干二净(如果你以前是用TABLE布局的话)，然而这项技术更适合刚接触网页制作的人。&lt;/span&gt;&lt;/p&gt;&lt;p style=&quot;line-height: 2em;&quot;&gt;&lt;span style=&quot;font-size: 16px;&quot;&gt;　　然后你要知道，DIV+CSS是高成本开发，速度当然是没有你画TABLE来的快，但是好处更多，相信如果你能看到这里，你一定对DIV+CSS的好处也有一定的了解了。&lt;/span&gt;&lt;/p&gt;&lt;p style=&quot;line-height: 2em;&quot;&gt;&lt;span style=&quot;font-size: 16px;&quot;&gt;　　最后你还得知道，你所用的工具，你可能认为dreamweaver很好，没错，它的确不错，但你要认识到，当你熟练使用了这门技术，你就可以在任何文本编辑器中编写网页，甚至在记事本中，而dreamweaver只是充当一个文本编辑器的角色，而你所有的工作基本都在代码视图中完成，在&lt;/span&gt;&lt;/p&gt;&lt;p style=&quot;line-height: 2em;&quot;&gt;&lt;span style=&quot;font-size: 16px;&quot;&gt;&lt;img src=&quot;/Public/ueditor/php/upload/image/20180928/1538134896177874.jpg&quot; title=&quot;1538134896177874.jpg&quot; alt=&quot;创业1.jpg&quot;/&gt;&lt;/span&gt;&lt;/p&gt;&lt;p style=&quot;line-height: 2em;&quot;&gt;&lt;span style=&quot;font-size: 16px;&quot;&gt;&lt;br/&gt;&lt;/span&gt;&lt;/p&gt;&lt;p style=&quot;line-height: 2em;&quot;&gt;&lt;span style=&quot;font-size: 16px;&quot;&gt;&amp;nbsp; &amp;nbsp; &amp;nbsp;&lt;/span&gt;&lt;/p&gt;&lt;p style=&quot;line-height: 2em;&quot;&gt;&lt;span style=&quot;font-size: 16px;&quot;&gt;&amp;nbsp;&amp;nbsp;&lt;/span&gt;&lt;/p&gt;&lt;p&gt;&lt;br/&gt;&lt;/p&gt;',28,1537694604,1538134900,1,0),(7,1,'丰收节，看习近平如何谋划这篇大文章','丰收节，看习近平如何谋划这篇大文章','a:3:{i:0;s:48:\"Public/Uploads/2018-09-28/153813497734667700.png\";i:1;s:48:\"Public/Uploads/2018-09-28/153813497734672700.png\";i:2;s:48:\"Public/Uploads/2018-09-28/153813497734674400.png\";}',1,'&lt;p style=&quot;line-height: 2em;&quot;&gt;&lt;span style=&quot;font-size: 16px;&quot;&gt;&amp;nbsp;&amp;nbsp;&amp;nbsp;&amp;nbsp;&amp;nbsp;&amp;nbsp;&amp;nbsp;&amp;nbsp;央视网消息：9月23日，中华大地亿万农民迎来首个“中国农民丰收节”。就在前两天，21日中共中央政治局就实施乡村振兴战略进行第八次集体学习时，中共中央总书记习近平代表党中央，向全国亿万农民致以节日的问候和良好的祝愿。22日的《新闻联播》原声播发了习近平总书记的问候和祝愿。&lt;/span&gt;&lt;/p&gt;&lt;p style=&quot;line-height: 2em;&quot;&gt;&lt;span style=&quot;font-size: 16px;&quot;&gt;　　秋分时节，五谷丰登、瓜果飘香，举办中国农民丰收节正当其时。习近平指出，设立中国农民丰收节，是党中央研究决定的，进一步彰显了“三农”工作重中之重的基础地位，是一件影响深远的大事。&lt;/span&gt;&lt;/p&gt;&lt;p style=&quot;line-height: 2em;&quot;&gt;&lt;span style=&quot;font-size: 16px;&quot;&gt;　　这个节日的设立，是习近平总书记主持召开中央政治局常委会会议审议通过，并由国务院批复同意的。由中央政治局常委会专门审议一个节日的设立，并不多见。这充分体现了以习近平同志为核心的党中央对“三农”工作的高度重视，对广大农民的深切关怀。&lt;/span&gt;&lt;/p&gt;&lt;p style=&quot;line-height: 2em;&quot;&gt;&lt;span style=&quot;font-size: 16px;&quot;&gt;　　今年两会期间，习近平总书记就强调，实施乡村振兴战略是一篇大文章，要统筹谋划，科学推进。如何调动起亿万农民的积极性、主动性、创造性？如何提升亿万农民的荣誉感、幸福感、获得感？如何加快推进农业农村现代化？如何通过振兴乡村，开启城乡融合发展和现代化建设新局面？央视网和您一起，在总书记的“三农”金句中寻找实施乡村振兴战略的答案。&lt;/span&gt;&lt;/p&gt;&lt;p&gt;&lt;br/&gt;&lt;/p&gt;&lt;table&gt;&lt;tbody&gt;&lt;tr class=&quot;firstRow&quot;&gt;&lt;td width=&quot;231&quot; valign=&quot;top&quot; style=&quot;word-break: break-all;&quot;&gt;&lt;p style=&quot;line-height: 2em;&quot;&gt;&lt;span style=&quot;font-size: 16px;&quot;&gt;姓名&lt;/span&gt;&lt;/p&gt;&lt;/td&gt;&lt;td width=&quot;231&quot; valign=&quot;top&quot; style=&quot;word-break: break-all;&quot;&gt;&lt;p style=&quot;line-height: 2em;&quot;&gt;&lt;span style=&quot;font-size: 16px;&quot;&gt;习近平&lt;/span&gt;&lt;/p&gt;&lt;/td&gt;&lt;td width=&quot;231&quot; valign=&quot;top&quot; style=&quot;word-break: break-all;&quot;&gt;&lt;p style=&quot;line-height: 2em;&quot;&gt;&lt;span style=&quot;font-size: 16px;&quot;&gt;性别&lt;/span&gt;&lt;/p&gt;&lt;/td&gt;&lt;td width=&quot;231&quot; valign=&quot;top&quot; style=&quot;word-break: break-all;&quot;&gt;&lt;p style=&quot;line-height: 2em;&quot;&gt;&lt;span style=&quot;font-size: 16px;&quot;&gt;男&lt;/span&gt;&lt;/p&gt;&lt;/td&gt;&lt;/tr&gt;&lt;tr&gt;&lt;td width=&quot;231&quot; valign=&quot;top&quot; style=&quot;word-break: break-all;&quot;&gt;&lt;p style=&quot;line-height: 2em;&quot;&gt;&lt;span style=&quot;font-size: 16px;&quot;&gt;年龄&lt;/span&gt;&lt;/p&gt;&lt;/td&gt;&lt;td width=&quot;231&quot; valign=&quot;top&quot; style=&quot;word-break: break-all;&quot;&gt;&lt;p style=&quot;line-height: 2em;&quot;&gt;&lt;span style=&quot;font-size: 16px;&quot;&gt;66&lt;/span&gt;&lt;/p&gt;&lt;/td&gt;&lt;td width=&quot;231&quot; valign=&quot;top&quot; style=&quot;word-break: break-all;&quot;&gt;&lt;p style=&quot;line-height: 2em;&quot;&gt;&lt;span style=&quot;font-size: 16px;&quot;&gt;职业&lt;/span&gt;&lt;/p&gt;&lt;/td&gt;&lt;td width=&quot;231&quot; valign=&quot;top&quot; style=&quot;word-break: break-all;&quot;&gt;&lt;p style=&quot;line-height: 2em;&quot;&gt;&lt;span style=&quot;font-size: 16px;&quot;&gt;主席&lt;/span&gt;&lt;/p&gt;&lt;/td&gt;&lt;/tr&gt;&lt;/tbody&gt;&lt;/table&gt;&lt;p&gt;&lt;br/&gt;&lt;/p&gt;&lt;p&gt;&lt;img src=&quot;/Public/ueditor/php/upload/image/20180928/1538134975695919.jpg&quot; title=&quot;1538134975695919.jpg&quot; alt=&quot;图2.jpg&quot;/&gt;&lt;/p&gt;',38,1537694816,1538134977,1,0),(8,1,'【央视快评】在希望的田野上谱写乡村振兴的华彩乐章','【央视快评】在希望的田野上谱写乡村振兴的华彩乐章','a:1:{i:0;s:48:\"Public/Uploads/2018-09-23/153769490075830400.jpg\";}',1,'&lt;p style=&quot;margin-top: 0px; margin-bottom: 20px; padding: 0px; font-variant-numeric: normal; font-variant-east-asian: normal; font-stretch: normal; font-size: 18px; font-family: &amp;quot;microsoft yahei&amp;quot;; white-space: normal; background-color: rgb(255, 255, 255); line-height: 1.5em;&quot;&gt;&lt;span style=&quot;font-size: 16px;&quot;&gt;&amp;nbsp;&amp;nbsp;&amp;nbsp;&amp;nbsp;&amp;nbsp;&amp;nbsp;&amp;nbsp;&amp;nbsp;在第一个中国农民丰收节来临之际，习近平总书记代表党中央，向全国亿万农民致以节日的问候和良好的祝愿。中共中央政治局就实施乡村振兴战略进行了第八次集体学习，习近平总书记在主持学习时强调，乡村振兴战略是党的十九大提出的一项重大战略，是关系全面建设社会主义现代化国家的全局性、历史性任务，是新时代“三农”工作总抓手。&lt;/span&gt;&lt;/p&gt;&lt;p style=&quot;margin-top: 0px; margin-bottom: 20px; padding: 0px; font-variant-numeric: normal; font-variant-east-asian: normal; font-stretch: normal; font-size: 18px; font-family: &amp;quot;microsoft yahei&amp;quot;; white-space: normal; background-color: rgb(255, 255, 255); text-align: center; line-height: 1.5em;&quot;&gt;&lt;img src=&quot;/Public/ueditor/php/upload/image/20180923/1537694853707255.jpg&quot; alt=&quot; &quot; width=&quot;500&quot;/&gt;&lt;/p&gt;&lt;p style=&quot;margin-top: 0px; margin-bottom: 20px; padding: 0px; font-variant-numeric: normal; font-variant-east-asian: normal; font-stretch: normal; font-size: 18px; font-family: &amp;quot;microsoft yahei&amp;quot;; white-space: normal; background-color: rgb(255, 255, 255); line-height: 1.5em;&quot;&gt;&lt;span style=&quot;font-size: 16px;&quot;&gt;&amp;nbsp;&amp;nbsp;&amp;nbsp;&amp;nbsp;&amp;nbsp;&amp;nbsp;&amp;nbsp;&amp;nbsp;习近平总书记的重要讲话，彰显了党中央对“三农”工作重中之重基础地位的高度重视、对亿万农民的亲切关怀。总书记的讲话进一步明确了乡村振兴战略在国家现代化进程中的时代意义，是新时代做好“三农”工作的总纲领和路线图。我们要全面贯彻落实习近平总书记重要讲话精神，深刻认识实施乡村振兴战略的重要性和必要性，扎扎实实把乡村振兴战略实施好。&lt;/span&gt;&lt;/p&gt;&lt;p style=&quot;margin-top: 0px; margin-bottom: 20px; padding: 0px; font-variant-numeric: normal; font-variant-east-asian: normal; font-stretch: normal; font-size: 18px; font-family: &amp;quot;microsoft yahei&amp;quot;; white-space: normal; background-color: rgb(255, 255, 255); line-height: 1.5em;&quot;&gt;&lt;span style=&quot;font-size: 16px;&quot;&gt;　　习近平总书记强调：“我国是农业大国，重农固本是安民之基、治国之要。”实施乡村振兴战略关系着亿万农民的福祉，也关系着全面建成小康社会和国家现代化的目标如期实现。完成这样的伟大创举，首先要充分把握规律，尊重我国农业农村发展的国情，尊重农民的首创精神。要深刻认识我国农业发展的特点和阶段，突出抓好农民合作社和家庭农场两类农业经营主体发展，赋予双层经营体制新的内涵；要深刻认识我国城乡发展的特殊关系，走城乡融合发展之路，推动人才、土地、资本等要素在城乡间双向流动，建立健全城乡基本公共服务均等化的体制机制；要深刻认识我国农耕文明的悠久传统，在实施乡村振兴战略中，将推动礼仪之邦、优秀传统文化和法治社会建设有机结合；要深刻认识现阶段“三农”工作的主要矛盾，将打好脱贫攻坚战作为实施乡村振兴战略的优先任务。&lt;/span&gt;&lt;/p&gt;&lt;p style=&quot;margin-top: 0px; margin-bottom: 20px; padding: 0px; font-variant-numeric: normal; font-variant-east-asian: normal; font-stretch: normal; font-size: 18px; font-family: &amp;quot;microsoft yahei&amp;quot;; white-space: normal; background-color: rgb(255, 255, 255); text-align: center; line-height: 1.5em;&quot;&gt;&lt;img src=&quot;/Public/ueditor/php/upload/image/20180923/1537694853816531.jpg&quot; alt=&quot; &quot; width=&quot;500&quot;/&gt;&lt;/p&gt;&lt;p style=&quot;margin-top: 0px; margin-bottom: 20px; padding: 0px; font-variant-numeric: normal; font-variant-east-asian: normal; font-stretch: normal; font-size: 18px; font-family: &amp;quot;microsoft yahei&amp;quot;; white-space: normal; background-color: rgb(255, 255, 255); line-height: 1.5em;&quot;&gt;&lt;span style=&quot;font-size: 16px;&quot;&gt;　　“三农稳，天下安。”三农工作历来是党和国家事业的基础性工作。乡村振兴要把好政治方向，发挥好党组织的关键作用，不断夯实人才基础。农村土地农民集体所有是坚持农村基本经营制度的“魂”，要牢牢坚持不动摇。农村强不强，要看“领头羊”，要充分发挥好乡村党组织的作用，把乡村党组织建设好，把领导班子建设强。人才聚集，乡村振兴才有希望，要打造一支强大的乡村振兴人才队伍，在乡村形成人才、土地、资金、产业汇聚的良性循环。&lt;/span&gt;&lt;/p&gt;&lt;p style=&quot;margin-top: 0px; margin-bottom: 20px; padding: 0px; font-variant-numeric: normal; font-variant-east-asian: normal; font-stretch: normal; font-size: 18px; font-family: &amp;quot;microsoft yahei&amp;quot;; white-space: normal; background-color: rgb(255, 255, 255); line-height: 1.5em;&quot;&gt;&lt;span style=&quot;font-size: 16px;&quot;&gt;　　习近平总书记强调，实施乡村振兴战略要处理好四组关系：长期目标和短期目标的关系、顶层设计和基层探索的关系、充分发挥市场决定性作用和更好发挥政府作用的关系、增强群众获得感和适应发展阶段的关系。我们要以总书记重要讲话精神为遵循，牢牢立足中国基本国情农情，始终坚持以人民为中心的发展思想，坚持因地制宜实事求是的方法论，尊重农业发展和乡村建设规律、尊重农民首创精神、尊重市场作用、尊重农民根本利益，努力走出一条生产技术先进、市场竞争力强、生态环境可持续的乡村振兴之路。&lt;/span&gt;&lt;/p&gt;&lt;p style=&quot;margin-top: 0px; margin-bottom: 20px; padding: 0px; font-variant-numeric: normal; font-variant-east-asian: normal; font-stretch: normal; font-size: 18px; font-family: &amp;quot;microsoft yahei&amp;quot;; white-space: normal; background-color: rgb(255, 255, 255); text-align: center; line-height: 1.5em;&quot;&gt;&lt;img src=&quot;/Public/ueditor/php/upload/image/20180923/1537694854134921.jpg&quot; alt=&quot; &quot; width=&quot;500&quot;/&gt;&lt;/p&gt;&lt;p style=&quot;margin-top: 0px; margin-bottom: 20px; padding: 0px; font-variant-numeric: normal; font-variant-east-asian: normal; font-stretch: normal; font-size: 18px; font-family: &amp;quot;microsoft yahei&amp;quot;; white-space: normal; background-color: rgb(255, 255, 255); line-height: 1.5em;&quot;&gt;&lt;span style=&quot;font-size: 16px;&quot;&gt;　　“一年好景君须记，最是橙黄橘绿时。”秋天是收获的季节。让我们以中国农民丰收节为新的起点，以习近平新时代中国特色社会主义思想为指引，大力实施好乡村振兴战略，早日建成产业兴旺、生态宜居、乡风文明、治理有效、生活富裕的新乡村，在促进乡村全面振兴、实现“两个一百年”奋斗目标新征程中，谱写希望的田野上改革发展新的华彩乐章。&lt;/span&gt;&lt;/p&gt;&lt;p&gt;&lt;br/&gt;&lt;/p&gt;',23,1537694900,1537697607,1,0),(9,2,'《怪物猎人》丰收之宴内容公开 小姐姐穿美裙迎接你！','《怪物猎人》丰收之宴内容公开 小姐姐穿美裙迎接你！','a:3:{i:0;s:48:\"Public/Uploads/2018-09-28/153813655001219900.png\";i:1;s:48:\"Public/Uploads/2018-09-28/153813655001224600.png\";i:2;s:48:\"Public/Uploads/2018-09-28/153813655001226000.png\";}',1,'&lt;p style=&quot;white-space: normal; outline: 0px; margin: 0px; padding: 20px 10px 0px; font-family: 微软雅黑; font-size: 14pt; line-height: 2em;&quot;&gt;&lt;span style=&quot;font-size: 16px; font-family: arial, helvetica, sans-serif;&quot;&gt;CAPCOM宣布，PS4版《怪物猎人世界（Monster Hunter World）》将自即日（21）日起至10月4日，在集会区域酒场「星之船」举办季节活动「星辰祭『丰收之宴』」。&lt;/span&gt;&lt;/p&gt;&lt;p style=&quot;white-space: normal; outline: 0px; margin: 0px; padding: 20px 10px 0px; font-family: 微软雅黑; font-size: 14pt; line-height: 2em;&quot;&gt;&lt;span style=&quot;font-size: 16px; font-family: arial, helvetica, sans-serif;&quot;&gt;&lt;img src=&quot;/Public/ueditor/php/upload/image/20180928/1538136548489527.jpg&quot; title=&quot;1538136548489527.jpg&quot; alt=&quot;图2.jpg&quot;/&gt;&lt;/span&gt;&lt;/p&gt;',8,1537702338,1538136550,1,0),(10,2,'《怪物猎人：世界(Monster Hunter:World)》游戏评测','《怪物猎人：世界(Monster Hunter:World)》游戏评测','a:3:{i:0;s:48:\"Public/Uploads/2018-09-28/153813660958900100.png\";i:1;s:48:\"Public/Uploads/2018-09-28/153813660958905300.png\";i:2;s:48:\"Public/Uploads/2018-09-28/153813660958907000.png\";}',1,'&lt;p style=&quot;line-height: 2em;&quot;&gt;&lt;span style=&quot;font-size: 16px;&quot;&gt;&amp;nbsp; &amp;nbsp; &amp;nbsp; &amp;nbsp; 当你在玩《怪物猎人:世界》的时候，可能会有一个瞬间让你顿悟:哦，哇，这真是太棒了，不是吗?你可能会注意到，在地面上拖着一根线的蚂蚁实际上是在搬运你能捡到的东西。或者，当你的同事第一次看到一只巨大的Jagras就把它的猎物整个吞下不知道如何处理的时候。或者当你意识到你可以为你的猫咪伴侣设计一套让它看起来像瓢虫的衣服。&lt;/span&gt;&lt;/p&gt;&lt;p&gt;&lt;br/&gt;&lt;/p&gt;&lt;p style=&quot;line-height: 2em;&quot;&gt;&lt;span style=&quot;font-size: 16px;&quot;&gt;&amp;nbsp;&amp;nbsp;&amp;nbsp;&amp;nbsp;&amp;nbsp;&amp;nbsp;&amp;nbsp;&amp;nbsp;作为第五舰队的成员，最新一批追随老龙到新世界的猎人，你受到研究委员会的委托，探索这片土地并研究你遇到的新物种。对于&amp;#39;学习&amp;#39;来说，“把&amp;#39;带入&amp;#39;，无论是死还是活”，但是无论如何，怪物都不会没有战斗。&lt;/span&gt;&lt;/p&gt;&lt;p style=&quot;line-height: 2em;&quot;&gt;&lt;span style=&quot;font-size: 16px;&quot;&gt;&amp;nbsp;&amp;nbsp;&amp;nbsp;&amp;nbsp;&amp;nbsp;&amp;nbsp;&amp;nbsp;&amp;nbsp;首先，你必须做好准备。如果你在你可能知道它的毒性较弱之前你已经打过这个怪物，并且“你是一个好的追踪者，你知道在哪里可以让一些毒蕈制造毒烟弹。如果它是一个飞行怪物，你可能想回到基地并参观铁匠铺，在那里你可以伪造一种更具移动性或远程武器，这对于这次狩猎比你的巨型锤子更好。在每次打猎之前和之后拜访铁匠铺很快就会成为你游戏的亮点，比如放学后去参观甜品店：你面对的每一个新怪物都会开启新的盔甲和武器升级，其中一些很棒。我不希望时尚成为Monster Hunter的关键元素，但在几个小时内，我用一件可爱的装备来装饰我的Palico猫伴侣以抵消我的。&lt;/span&gt;&lt;/p&gt;&lt;p style=&quot;line-height: 2em;&quot;&gt;&lt;span style=&quot;font-size: 16px;&quot;&gt;&lt;img src=&quot;/Public/ueditor/php/upload/image/20180928/1538136607412448.jpg&quot; title=&quot;1538136607412448.jpg&quot; alt=&quot;图2.jpg&quot;/&gt;&lt;/span&gt;&lt;/p&gt;',6,1537702433,1538136609,1,0),(11,2,'《古墓丽影：暗影》IGN 9分，Steam获特别好评！','《古墓丽影：暗影》IGN 9分，Steam获特别好评！','a:3:{i:0;s:48:\"Public/Uploads/2018-09-23/153770251986984700.jpg\";i:1;s:48:\"Public/Uploads/2018-09-23/153770251986989300.jpg\";i:2;s:48:\"Public/Uploads/2018-09-23/153770251986990600.jpg\";}',1,'&lt;p style=&quot;line-height: 2em;&quot;&gt;&lt;span style=&quot;font-size: 16px;&quot;&gt;【PConline 杂谈】《古墓丽影：暗影》作为新《古墓丽影》三部曲的第三部，已经于9月14号正式发售，登陆了Xbox One、PS4和PC平台，相信不少玩家已经入手了。&lt;/span&gt;&lt;/p&gt;&lt;p style=&quot;line-height: 2em;&quot;&gt;&lt;span style=&quot;font-size: 16px;&quot;&gt;&amp;nbsp;&amp;nbsp;&amp;nbsp;&amp;nbsp;对于《古墓丽影：暗影》媒体都给出了高分评价，IGN更是给出了9.0分的好评，并称赞《古墓丽影：暗影》给劳拉起源三部曲带来了一个强有力的终章&lt;/span&gt;&lt;/p&gt;&lt;p style=&quot;line-height: 2em;&quot;&gt;&lt;span style=&quot;font-size: 16px;&quot;&gt;同时，在Steam平台公布的最近一周（9月10号到9月16号）的销售排名中，《古墓丽影：暗影》成功登顶，《绝地求生》紧随其后位居榜单第二。&lt;/span&gt;&lt;/p&gt;&lt;p style=&quot;line-height: 2em;&quot;&gt;&lt;span style=&quot;font-size: 16px;&quot;&gt;1：《古墓丽影：暗影（Shadow of the Tomb Raider）》（↑8）&lt;/span&gt;&lt;/p&gt;&lt;p style=&quot;line-height: 2em;&quot;&gt;&lt;span style=&quot;font-size: 16px;&quot;&gt;2：《绝地求生（Playerunknown&amp;#39;s Battlegrounds）》（↑2）&lt;/span&gt;&lt;/p&gt;&lt;p style=&quot;line-height: 2em;&quot;&gt;&lt;span style=&quot;font-size: 16px;&quot;&gt;3：《怪物猎人：世界（Monster Hunter：World）》（↓1）&lt;/span&gt;&lt;/p&gt;&lt;p style=&quot;line-height: 2em;&quot;&gt;&lt;span style=&quot;font-size: 16px;&quot;&gt;4：《人渣（SCUM）》（↓3）&lt;/span&gt;&lt;/p&gt;&lt;p style=&quot;line-height: 2em;&quot;&gt;&lt;span style=&quot;font-size: 16px;&quot;&gt;5：《NBA：2K19》（↑3）&lt;/span&gt;&lt;/p&gt;&lt;p style=&quot;line-height: 2em;&quot;&gt;&lt;span style=&quot;font-size: 16px;&quot;&gt;6：《神力科莎：竞争（Assetto Corsa Competizione）》（新晋）&lt;/span&gt;&lt;/p&gt;&lt;p style=&quot;line-height: 2em;&quot;&gt;&lt;span style=&quot;font-size: 16px;&quot;&gt;7：《古墓丽影：暗影（Shadow of the Tomb Raider）》“季票”DLC（新晋）&lt;/span&gt;&lt;/p&gt;&lt;p style=&quot;line-height: 2em;&quot;&gt;&lt;span style=&quot;font-size: 16px;&quot;&gt;8：《双点医院（Two Point Hospital）》（↓5）&lt;/span&gt;&lt;/p&gt;&lt;p style=&quot;line-height: 2em;&quot;&gt;&lt;span style=&quot;font-size: 16px;&quot;&gt;9：《GTA5》（↓3）&lt;/span&gt;&lt;/p&gt;&lt;p style=&quot;line-height: 2em;&quot;&gt;&lt;span style=&quot;font-size: 16px;&quot;&gt;10：《勇者斗恶龙11：寻觅逝去的时光（Dragon Quest XI：Echoes of an Elusive Age）》数位光之版（↓3）&lt;/span&gt;&lt;/p&gt;',12,1537702519,1537706686,1,0),(12,2,'MHW-PC版更新优化鼠标操控，但又出现启动问题','MHW-PC版更新优化鼠标操控，但又出现启动问题','a:3:{i:0;s:48:\"Public/Uploads/2018-09-23/153770262940147600.jpg\";i:1;s:48:\"Public/Uploads/2018-09-23/153770262940152600.jpg\";i:2;s:48:\"Public/Uploads/2018-09-23/153770262940153900.jpg\";}',1,'&lt;p style=&quot;line-height: 2em;&quot;&gt;&lt;span style=&quot;font-size: 16px;&quot;&gt;&amp;nbsp; &amp;nbsp; &amp;nbsp; &amp;nbsp; 《怪物猎人世界（Monster Hunter World）》PC版在近日推出优化更新，改善了游戏的鼠标操控和视角操控问题。在相关公告中官方表示，此次更新的新控制模式和大部分鼠标的控制一致。玩家将可以在游戏开始界面中的选项中，选择控制菜单，变更鼠标的控制方案。&lt;/span&gt;&lt;/p&gt;&lt;p style=&quot;line-height: 2em;&quot;&gt;&lt;span style=&quot;font-size: 16px;&quot;&gt;&amp;nbsp;&amp;nbsp;&amp;nbsp;&amp;nbsp;&amp;nbsp;&amp;nbsp;&amp;nbsp;&amp;nbsp;同时玩家也将可以在相同的选项下，在视角一栏变更鼠标的灵敏度。另外在游戏设计方面，此次更新也把之前的事件任务“Relish the Moment”变成“Elder&amp;#39;s Recess”，官方表示这样会增加这个任务的可玩性。&lt;/span&gt;&lt;/p&gt;&lt;p style=&quot;line-height: 2em;&quot;&gt;&lt;span style=&quot;font-size: 16px;&quot;&gt;&amp;nbsp;&amp;nbsp;&amp;nbsp;&amp;nbsp;&amp;nbsp;&amp;nbsp;&amp;nbsp;&amp;nbsp;而在这次更新后不久，游戏官方再次发公告表示，在此次更新后一些玩家出现了游戏启动问题，目前他们正在紧急调查这个问题，将在后续推出更新。&lt;/span&gt;&lt;/p&gt;',4,1537702629,1537706715,1,0);

/*Table structure for table `j_cate` */

DROP TABLE IF EXISTS `j_cate`;

CREATE TABLE `j_cate` (
  `id` int(11) NOT NULL AUTO_INCREMENT,
  `cate_name` varchar(30) DEFAULT NULL COMMENT '分类名称',
  `desc` varchar(255) DEFAULT NULL COMMENT '备注',
  `create_time` int(11) DEFAULT NULL COMMENT '添加时间',
  `update_time` int(11) DEFAULT NULL COMMENT '最后修改时间',
  PRIMARY KEY (`id`)
) ENGINE=InnoDB AUTO_INCREMENT=3 DEFAULT CHARSET=utf8mb4;

/*Data for the table `j_cate` */

insert  into `j_cate`(`id`,`cate_name`,`desc`,`create_time`,`update_time`) values (1,'艺道头条','非必填的备注',1537516072,1537685295),(2,'其他资讯','',1537514336,1537514336);

/*Table structure for table `j_company` */

DROP TABLE IF EXISTS `j_company`;

CREATE TABLE `j_company` (
  `id` int(11) NOT NULL AUTO_INCREMENT,
  `name` varchar(30) DEFAULT NULL COMMENT '公司名字',
  `principal` varchar(30) DEFAULT NULL COMMENT '联系人',
  `logo` varchar(255) DEFAULT NULL COMMENT '公司标识',
  `profile` text COMMENT '公司简介',
  `tel` varchar(15) DEFAULT NULL COMMENT '联系电话',
  `email` varchar(50) DEFAULT NULL COMMENT '企业邮箱',
  `address` varchar(255) DEFAULT NULL COMMENT '详细地址',
  `lon` double(10,6) DEFAULT NULL COMMENT '经度',
  `lat` double(10,6) DEFAULT NULL COMMENT '纬度',
  `aq` varchar(20) DEFAULT NULL COMMENT '备案号',
  PRIMARY KEY (`id`)
) ENGINE=InnoDB AUTO_INCREMENT=2 DEFAULT CHARSET=utf8mb4;

/*Data for the table `j_company` */

insert  into `j_company`(`id`,`name`,`principal`,`logo`,`profile`,`tel`,`email`,`address`,`lon`,`lat`,`aq`) values (1,'山西山大艺道山西山大艺道孵化器管理有限公司','张全蛋',NULL,'&lt;p style=&quot;text-align: center;&quot;&gt;&amp;nbsp;&amp;nbsp;&amp;nbsp;&amp;nbsp;&lt;img src=&quot;/Public/ueditor/php/upload/image/20180923/1537686538205846.png&quot; title=&quot;1537686538205846.png&quot; alt=&quot;company.png&quot;/&gt;&lt;/p&gt;&lt;p&gt;&amp;nbsp;&amp;nbsp;&amp;nbsp;&amp;nbsp;山大艺道众创空间是山西省第一家在大学里设立的众创空间，从2015年众创空间进入山西大学以来，截至2016年1月，已经有25家公司入驻，其中13家为实体公司，12家托管创业公司，以电子商务、互联网金融和文化创意等公司为主。&lt;/p&gt;&lt;p&gt;&amp;nbsp;&amp;nbsp;&amp;nbsp;&amp;nbsp;2016年1月，山西省科技厅公布了35家省级认定的众创空间，山大艺道便是其中的一家。&lt;/p&gt;&lt;p&gt;&amp;nbsp;&amp;nbsp;&amp;nbsp;&amp;nbsp;2016年9月，科技部火炬中心《关于公示第三批众创空间的通知》的公示名单中山西省共有10个众创空间被科技部火炬中心拟定为国家级众创空间，山大艺道众创空间位列其中。&lt;/p&gt;&lt;p&gt;&amp;nbsp;&amp;nbsp;&amp;nbsp;&amp;nbsp;山大艺道众创空间为青年创业者与小微企业提供高品质的联合办公空间和社交平台，并为创业团队提供如寻找资金、挖掘人才、传播推广、专利申请、工商注册简化、财务代记账等方面的服务。&lt;/p&gt;&lt;p&gt;&lt;br/&gt;&lt;/p&gt;','18888888888','xxx@xx.com','山西省太原市小店区坞城路92号山西大学令德阁负1层 ',112.597727,37.802056,NULL);

/*Table structure for table `j_log` */

DROP TABLE IF EXISTS `j_log`;

CREATE TABLE `j_log` (
  `id` int(11) NOT NULL AUTO_INCREMENT,
  `text` text,
  `create_time` timestamp NOT NULL DEFAULT CURRENT_TIMESTAMP,
  PRIMARY KEY (`id`)
) ENGINE=InnoDB DEFAULT CHARSET=utf8mb4;

/*Data for the table `j_log` */

/*Table structure for table `j_settled` */

DROP TABLE IF EXISTS `j_settled`;

CREATE TABLE `j_settled` (
  `id` int(11) NOT NULL AUTO_INCREMENT,
  `name` varchar(30) DEFAULT NULL COMMENT '公司名字',
  `desc` varchar(255) DEFAULT NULL COMMENT '备注',
  `cover` varchar(255) DEFAULT NULL COMMENT '多图上传',
  `content` text COMMENT '详情',
  `create_time` int(11) DEFAULT NULL COMMENT '入驻时间',
  `update_time` int(11) DEFAULT NULL COMMENT '最后修改时间',
  `is_recommend` tinyint(4) DEFAULT '0' COMMENT '0不推荐1推荐',
  `sort` int(11) DEFAULT NULL COMMENT '排序',
  `aid` int(11) DEFAULT NULL,
  PRIMARY KEY (`id`)
) ENGINE=InnoDB AUTO_INCREMENT=4 DEFAULT CHARSET=utf8mb4;

/*Data for the table `j_settled` */

insert  into `j_settled`(`id`,`name`,`desc`,`cover`,`content`,`create_time`,`update_time`,`is_recommend`,`sort`,`aid`) values (2,'杭州阿里巴巴有限责任公司','HangZhou Alibaba','a:3:{i:0;s:48:\"Public/Uploads/2018-09-28/153813683456592100.png\";i:1;s:48:\"Public/Uploads/2018-09-28/153813683456596400.png\";i:2;s:48:\"Public/Uploads/2018-09-28/153813683456597700.png\";}','&lt;p style=&quot;text-align: center;&quot;&gt;&lt;img src=&quot;http://img.baidu.com/hi/jx2/j_0057.gif&quot;/&gt;&lt;/p&gt;&lt;p style=&quot;text-align: center;&quot;&gt;&lt;span style=&quot;font-size: 24px;&quot;&gt;A Big Smile!!!&lt;/span&gt;&lt;/p&gt;',1537674279,1538136834,1,0,1),(3,'天津法克石特有限责任公司','马泽法克石特','a:1:{i:0;s:48:\"Public/Uploads/2018-09-23/153767461012176500.jpg\";}','&lt;p style=&quot;text-align: center;&quot;&gt;&lt;img src=&quot;/Public/ueditor/php/upload/image/20180923/1537674457452623.jpg&quot; title=&quot;1537674457452623.jpg&quot; alt=&quot;20150227042406179.jpg&quot;/&gt;&lt;/p&gt;&lt;p style=&quot;text-align: center;&quot;&gt;Holy Bible&lt;/p&gt;',1537674577,1537674610,1,1,1);

/*Table structure for table `j_visit` */

DROP TABLE IF EXISTS `j_visit`;

CREATE TABLE `j_visit` (
  `id` int(11) NOT NULL AUTO_INCREMENT,
  `title` varchar(255) DEFAULT NULL COMMENT '参观主题',
  `content` text COMMENT '参观内容',
  `visit_time` timestamp NULL DEFAULT CURRENT_TIMESTAMP COMMENT '参观时间',
  PRIMARY KEY (`id`)
) ENGINE=InnoDB AUTO_INCREMENT=2 DEFAULT CHARSET=utf8mb4;

/*Data for the table `j_visit` */

insert  into `j_visit`(`id`,`title`,`content`,`visit_time`) values (1,'双创活动开幕仪式','&lt;p&gt;&amp;nbsp;&amp;nbsp;&amp;nbsp;&amp;nbsp;&amp;nbsp;&amp;nbsp;&amp;nbsp;&amp;nbsp;2014年，一只小红薯诞生于湖南长沙，定位“中高端薯产品专卖开创品牌”。门店产品丰富，集中了薯产品所有能够标准化量产的产品，包括烤红薯、芝士番薯、蜜薯盒子、薯类酥品、薯泡芙等40多种产品。&lt;br/&gt;&lt;/p&gt;&lt;p style=&quot;text-align: center;&quot;&gt;&lt;img src=&quot;/Public/ueditor/php/upload/image/20180928/1538137630622445.png&quot; title=&quot;1538137630622445.png&quot; alt=&quot;visit.png&quot;/&gt;&lt;/p&gt;&lt;p&gt;&amp;nbsp;2014年，一只小红薯诞生于湖南长沙，定位“中高端薯产品专卖开创品牌”。门店产品丰富，集中了薯产品所有能够标准化量产的产品，包括烤红薯、芝士番薯、蜜薯盒子、薯类酥品、薯泡芙等40多种产品。&amp;nbsp;2014年，一只小红薯诞生于湖南长沙，定位“中高端薯产品专卖开创品牌”。门店产品丰富，集中了薯产品所有能够标准化量产的产品，包括烤红薯、芝士番薯、蜜薯盒子、薯类酥品、薯泡芙等40多种产品。&amp;nbsp;2014年，一只小红薯诞生于湖南长沙，定位“中高端薯产品专卖开创品牌”。门店产品丰富，集中了薯产品所有能够标准化量产的产品，包括烤红薯、芝士番薯、蜜薯盒子、薯类酥品、薯泡芙等40多种产品。&amp;nbsp;2014年，一只小红薯诞生于湖南长沙，定位“中高端薯产品专卖开创品牌”。门店产品丰富，集中了薯产品所有能够标准化量产的产品，包括烤红薯、芝士番薯、蜜薯盒子、薯类酥品、薯泡芙等40多种产品。&amp;nbsp;2014年，一只小红薯诞生于湖南长沙，定位“中高端薯产品专卖开创品牌”。门店产品丰富，集中了薯产品所有能够标准化量产的产品，包括烤红薯、芝士番薯、蜜薯盒子、薯类酥品、薯泡芙等40多种产品。&amp;nbsp;2014年，一只小红薯诞生于湖南长沙，定位“中高端薯产品专卖开创品牌”。门店产品丰富，集中了薯产品所有能够标准化量产的产品，包括烤红薯、芝士番薯、蜜薯盒子、薯类酥品、薯泡芙等40多种产品。&amp;nbsp;2014年，一只小红薯诞生于湖南长沙，定位“中高端薯产品专卖开创品牌”。门店产品丰富，集中了薯产品所有能够标准化量产的产品，包括烤红薯、芝士番薯、蜜薯盒子、薯类酥品、薯泡芙等40多种产品。&amp;nbsp;2014年，一只小红薯诞生于湖南长沙，定位“中高端薯产品专卖开创品牌”。门店产品丰富，集中了薯产品所有能够标准化量产的产品，包括烤红薯、芝士番薯、蜜薯盒子、薯类酥品、薯泡芙等40多种产品。&amp;nbsp;2014年，一只小红薯诞生于湖南长沙，定位“中高端薯产品专卖开创品牌”。门店产品丰富，集中了薯产品所有能够标准化量产的产品，包括烤红薯、芝士番薯、蜜薯盒子、薯类酥品、薯泡芙等40多种产品。&amp;nbsp;2014年，一只小红薯诞生于湖南长沙，定位“中高端薯产品专卖开创品牌”。门店产品丰富，集中了薯产品所有能够标准化量产的产品，包括烤红薯、芝士番薯、蜜薯盒子、薯类酥品、薯泡芙等40多种产品。&amp;nbsp;2014年，一只小红薯诞生于湖南长沙，定位“中高端薯产品专卖开创品牌”。门店产品丰富，集中了薯产品所有能够标准化量产的产品，包括烤红薯、芝士番薯、蜜薯盒子、薯类酥品、薯泡芙等40多种产品。&amp;nbsp;2014年，一只小红薯诞生于湖南长沙，定位“中高端薯产品专卖开创品牌”。门店产品丰富，集中了薯产品所有能够标准化量产的产品，包括烤红薯、芝士番薯、蜜薯盒子、薯类酥品、薯泡芙等40多种产品。&amp;nbsp;2014年，一只小红薯诞生于湖南长沙，定位“中高端薯产品专卖开创品牌”。门店产品丰富，集中了薯产品所有能够标准化量产的产品，包括烤红薯、芝士番薯、蜜薯盒子、薯类酥品、薯泡芙等40多种产品。&amp;nbsp;2014年，一只小红薯诞生于湖南长沙，定位“中高端薯产品专卖开创品牌”。门店产品丰富，集中了薯产品所有能够标准化量产的产品，包括烤红薯、芝士番薯、蜜薯盒子、薯类酥品、薯泡芙等40多种产品。&amp;nbsp;2014年，一只小红薯诞生于湖南长沙，定位“中高端薯产品专卖开创品牌”。门店产品丰富，集中了薯产品所有能够标准化量产的产品，包括烤红薯、芝士番薯、蜜薯盒子、薯类酥品、薯泡芙等40多种产品。&amp;nbsp;2014年，一只小红薯诞生于湖南长沙，定位“中高端薯产品专卖开创品牌”。门店产品丰富，集中了薯产品所有能够标准化量产的产品，包括烤红薯、芝士番薯、蜜薯盒子、薯类酥品、薯泡芙等40多种产品。&amp;nbsp;2014年，一只小红薯诞生于湖南长沙，定位“中高端薯产品专卖开创品牌”。门店产品丰富，集中了薯产品所有能够标准化量产的产品，包括烤红薯、芝士番薯、蜜薯盒子、薯类酥品、薯泡芙等40多种产品。&amp;nbsp;2014年，一只小红薯诞生于湖南长沙，定位“中高端薯产品专卖开创品牌”。门店产品丰富，集中了薯产品所有能够标准化量产的产品，包括烤红薯、芝士番薯、蜜薯盒子、薯类酥品、薯泡芙等40多种产品。&amp;nbsp;2014年，一只小红薯诞生于湖南长沙，定位“中高端薯产品专卖开创品牌”。门店产品丰富，集中了薯产品所有能够标准化量产的产品，包括烤红薯、芝士番薯、蜜薯盒子、薯类酥品、薯泡芙等40多种产品。&amp;nbsp;2014年，一只小红薯诞生于湖南长沙，定位“中高端薯产品专卖开创品牌”。门店产品丰富，集中了薯产品所有能够标准化量产的产品，包括烤红薯、芝士番薯、蜜薯盒子、薯类酥品、薯泡芙等40多种产品。&lt;/p&gt;','2018-10-02 00:00:00');

/*!40101 SET SQL_MODE=@OLD_SQL_MODE */;
/*!40014 SET FOREIGN_KEY_CHECKS=@OLD_FOREIGN_KEY_CHECKS */;
/*!40014 SET UNIQUE_CHECKS=@OLD_UNIQUE_CHECKS */;
/*!40111 SET SQL_NOTES=@OLD_SQL_NOTES */;
